{"Surprise": 0.000976562573669515, "Fear": 2.346496330574155e-10, "Sad": 1.8189894035458565e-12, "Happy": 8.881784197001252e-16, "Angry": 0.0}